First Name,Last Name,DOB,SSN
Jerry,Mcfadden,5/16/27,594843998
Kylie,Sharpe,9/2/50,296195736
Alexa,Saunders,11/25/64,952148474
Lucian,Day,8/3/40,958331951
Tyrone,Gonzales,4/4/54,214941576
Nero,Parker,10/2/21,567244380
Naomi,Dennis,3/15/48,863291686
Latifah,Mclaughlin,10/24/65,199419980
Inez,Holland,7/28/53,443335748
Scarlett,Matthews,12/26/24,295694940
Myles,Key,12/6/41,271332565
Lydia,Fuentes,11/17/78,950147061
Alexa,Lambert,6/13/74,940652095
Alyssa,Rosa,5/10/13,381347399
Seth,Wynn,5/23/24,231840475
Quynn,Franks,7/28/12,383510177
Camilla,Flynn,5/23/53,220463967
Basia,Rollins,10/5/64,490819562
Risa,Glenn,11/17/29,370713110
Hashim,Garcia,1/9/61,513747799
Carolyn,Church,3/13/48,83201933
Whoopi,Kidd,8/23/11,195300070
Rebekah,Craig,11/27/59,354808311
Alea,Bates,3/19/55,63097307
Odysseus,Marshall,11/6/49,698202001
Elaine,Malone,2/15/78,163971958
Penelope,Wilson,3/5/72,962259054
Donna,Koch,5/3/52,293614856
Vincent,Stewart,4/14/56,922669575
Gwendolyn,Shepard,2/13/70,795436453
Darrel,Hood,10/9/29,853810497
Magee,Holder,5/2/34,194194034
Linus,Pollard,11/8/26,814335964
Flavia,Hill,3/31/78,155751358
Kelly,Snyder,11/10/67,247663455
Stuart,Keller,5/6/68,386785704
Jade,Beach,1/8/74,789154495
Adria,Powell,5/17/43,723265782
Deacon,Clarke,5/1/76,822730874
Whilemina,Strong,5/9/11,631146542
Lee,Rush,7/11/52,180533273
Brooke,Pearson,8/14/20,185721482
Giselle,Blanchard,7/16/66,627095158
Jakeem,Soto,5/3/50,135099735
Ori,Riddle,2/16/30,365899435
Justina,Oconnor,11/12/14,269987136
Maite,Tate,11/1/11,896334999
Paki,Mccullough,9/2/36,639001629
Mercedes,Flynn,8/4/72,722759827
Kyra,Hicks,3/5/74,343523923
Zane,Becker,5/31/13,886468467
Brian,Tillman,11/2/37,944509023
Olympia,Beard,9/10/38,215506680
Ulla,Maxwell,9/20/23,747579753
Peter,Alexander,9/19/26,606886644
Xander,Kidd,9/16/55,925954729
Zenaida,Martin,11/24/71,112008573
Lee,Bowman,11/19/68,167339257
Kaden,Thompson,10/22/59,737767362
Nasim,Burns,6/16/16,969741590
Maite,Patton,4/26/11,597461870
Veda,Lambert,3/20/48,304789966
Melanie,Benson,4/14/42,128825955
Penelope,Diaz,7/28/62,666068147
Travis,Roy,9/17/17,197812774
Plato,Carlson,6/2/51,183229915
Britanni,Kramer,2/6/43,229850378
Jeanette,Velez,4/12/63,952208580
Zephr,Pate,9/3/30,744771536
Iris,Baxter,10/14/51,821087337
Hermione,Tanner,7/29/28,293888231
Patrick,Pacheco,7/10/50,752824048
Jasmine,Thomas,5/12/69,355297619
Tate,Robertson,1/15/12,855878752
Alisa,Riddle,11/14/58,93619120
Oleg,Oconnor,3/7/17,376726976
Finn,Hickman,11/28/70,925479721
Jaden,Baxter,3/23/53,700505408
Curran,Bernard,10/7/38,424691918
Portia,Carver,4/30/42,700914017
Damian,Mejia,1/24/40,548622495
Sage,Chan,7/6/42,664994393
Abdul,Pacheco,7/25/13,186909730
Naomi,Madden,3/27/75,376311795
Blythe,Everett,2/22/36,350051869
Hedy,Preston,6/7/10,46039971
Brenden,Charles,2/10/20,801839959
Erin,Owen,12/25/47,306581284
Wing,May,3/25/59,266435077
Cain,Hawkins,8/24/12,763347651
Haley,Davidson,7/6/71,965030122
Pamela,Mays,6/28/39,401200943
Shad,Jacobs,5/7/12,916324183
Norman,Hester,6/12/34,537907987
Preston,Burke,10/14/53,43958415
Alec,Castaneda,1/28/34,974940737
Anthony,Massey,7/21/33,523376118
Meredith,Dennis,7/9/28,705661426
Imogene,Pruitt,7/10/57,159974284
Bradley,Hanson,6/20/29,768931043